Index,Key1,DRM
1,aroma,smell
2,scent,soft
3,whiff,sweet
4,stench,chair
5,reek,mountain
6,sniff,music
7,perfume,rubber
8,fragrance,foot
9,nose,girl
10,rose,black
11,salts,
12,breathe,
13,hard,
14,loud,
15,tender,
16,fluffy,
17,pillow,
18,downy,
19,plush,
20,cotton,
21,skin,
22,fur,
23,touch,
24,furry,
25,honey,
26,bitter,
27,sugar,
28,sour,
29,candy,
30,tart,
31,chocolate,
32,nice,
33,taste,
34,cake,
35,good,
36,tooth,
37,table,
38,swivel,
39,rocking,
40,recliner,
41,seat,
42,stool,
43,desk,
44,couch,
45,sit,
46,sofa,
47,bench,
48,sitting,
49,climber,
50,hill,
51,climb,
52,molehill,
53,peak,
54,valley,
55,summit,
56,steep,
57,ski,
58,bike,
59,goat,
60,glacier,
61,band,
62,concert,
63,jazz,
64,symphony,
65,orchestra,
66,rhythm,
67,radio,
68,melody,
69,piano,
70,sound,
71,instrument,
72,note,
73,foam,
74,latex,
75,galoshes,
76,tire,
77,flexible,
78,elastic,
79,gloves,
80,eraser,
81,bounce,
82,ball,
83,soles,
84,springy,
85,toe,
86,inch,
87,ankle,
88,shoe,
89,sandals,
90,sock,
91,hand,
92,boot,
93,yard,
94,kick,
95,knee,
96,walk,
97,boy,
98,dolls,
99,pretty,
100,female,
101,dress,
102,date,
103,beautiful,
104,daughter,
105,sister,
106,cute,
107,niece,
108,young,
109,white,
110,gray,
111,brown,
112,coal,
113,dark,
114,color,
115,funeral,
116,blue,
117,charred,
118,ink,
119,death,
120,cat,
